10001,0,F,F
10002,0,F,F
10003,0,F,F
10004,0,F,F
10005,88,T,F
10006,88,T,F
10007,91,T,F
10008,63,T,F
10009,81,T,F
10010,63,T,F
10011,66,T,F
10012,50,T,F
10013,61,T,F
10014,74,T,F
10015,82,T,F
10016,85,T,F
10017,92,T,F
10018,83,T,F
10019,82,T,F
10020,75,T,F
10021,54,T,F
10022,41,T,F
10023,24,T,F
10024,27,T,F
10025,76,T,F
10026,54,T,F
10027,55,T,F
10028,40,T,F
10029,49,T,F
10030,0,F,F
10031,89,T,F
10032,87,T,F
10033,48,T,F
10034,41,T,F
10035,58,T,F
10036,70,T,F
10037,44,T,F
10038,52,T,F
10039,61,T,F
10040,0,F,F
10041,0,F,F
10042,47,T,F
10043,56,T,F
10044,65,T,F
10045,29,T,F
10046,33,T,F
10047,38,T,F
10048,51,T,F
10049,41,T,F
10050,35,T,F
10051,43,T,F
10052,34,T,F
10053,31,T,F
10054,72,T,F
10055,75,T,F
10056,43,T,F
10057,39,T,F
10058,58,T,F
10059,61,T,F
10060,36,T,F
10061,0,F,F
10062,91,T,F
10063,34,T,F
10064,76,T,F
10065,42,T,F
10066,43,T,F
10067,58,T,F
10068,65,T,F
10069,92,T,F
10070,65,T,F
10071,32,T,F
10072,37,T,F
10073,34,T,F
10074,44,T,F
10075,29,T,F
10076,21,T,F
10077,21,T,F
10078,20,T,F
10079,0,F,F
10080,31,T,F
10081,34,T,F
10082,30,T,F
10083,29,T,F
10084,24,T,F
10085,24,T,F
10086,39,T,F
10087,28,T,F
10088,31,T,F
10089,30,T,F
10090,24,T,F
10091,57,T,F
10092,37,T,F
10093,90,T,F
10094,27,T,F
10095,50,T,F
10096,0,F,F
10097,76,T,F
10098,89,T,T
10099,87,T,F
10100,0,F,F
10101,0,F,F
10102,0,F,F
10103,90,T,F
10104,0,F,F
10105,33,T,F
10106,30,T,F
10107,14,T,F
10108,36,T,F
10109,29,T,F
10110,35,T,F
10111,36,T,F
10112,0,F,F
10113,0,F,F
10114,0,F,F
10115,45,T,F
10116,59,T,F
10117,44,T,F
10118,41,T,F
10119,86,T,F
10120,87,T,F
10121,85,T,F
10122,30,T,F
10123,49,T,F
10124,41,T,F
10125,27,T,F
10126,25,T,F
10127,24,T,F
10128,0,F,F
10129,64,T,F
10130,0,F,F
10131,0,F,F
10132,88,T,F
10133,93,T,F
10134,94,T,F
10135,89,T,F
10136,24,T,F
10137,33,T,F
10138,45,T,F
10139,45,T,F
10140,23,T,F
10141,46,T,F
10142,78,T,F
10143,81,T,F
10144,70,T,F
10145,71,T,F
10146,70,T,F
10147,66,T,F
10148,48,T,F
10149,93,T,F
10150,89,T,F
10151,84,T,F
10152,0,F,F
10153,71,T,F
10154,97,T,F
10155,89,T,F
10156,87,T,F
10157,0,F,F
10158,65,T,F
10159,74,T,F
10160,89,T,F
10161,81,T,F
10162,81,T,F
10163,27,T,F
10164,29,T,F
10165,22,T,F
10166,22,T,F
10167,26,T,F
10168,26,T,F
10169,22,T,F
10170,24,T,F
10171,35,T,F
10172,35,T,F
10173,34,T,F
10174,23,T,F
10175,23,T,F
10176,0,F,F
10177,75,T,F
10178,77,T,F
10179,43,T,F
10180,18,T,F
10181,35,T,F
10182,31,T,F
10183,27,T,F
10184,28,T,F
10185,27,T,F
10186,33,T,F
10187,25,T,F
10188,96,T,F
10189,35,T,F
10190,35,T,F
10191,43,T,F
10192,35,T,F
10193,31,T,F
10194,28,T,F
10195,18,T,F
10196,30,T,F
10197,0,F,F
10198,15,T,F
10199,28,T,F
10200,10,T,F
10201,23,T,F
10202,24,T,F
10203,35,T,F
10204,20,T,F
10205,34,T,F
10206,0,F,F
10207,0,F,F
10208,63,T,F
10209,84,T,F
10210,66,T,T
10211,81,T,T
10212,53,T,T
10213,28,T,F
10214,23,T,F
10215,0,F,F
10216,21,T,F
10217,0,F,F
10218,24,T,F
10219,14,T,F
10220,43,T,T
10221,69,T,F
10222,0,F,F
10223,32,T,F
10224,25,T,F
10225,46,T,F
10226,91,T,F
10227,43,T,F
10228,66,T,F
10229,43,T,F
10230,44,T,F
10231,35,T,F
10232,21,T,F
10233,26,T,F
10234,81,T,T
10235,64,T,F
10236,74,T,F
10237,78,T,T
10238,25,T,F
10239,42,T,F
10240,28,T,F
10241,21,T,F
10242,31,T,T
10243,0,F,F
10244,87,T,F
10245,99,T,F
10246,26,T,F
10247,33,T,F
10248,27,T,F
10249,27,T,F
10250,30,T,F
10251,30,T,F
10252,22,T,F
10253,79,T,T
10254,52,T,F
10255,39,T,F
10256,50,T,F
10257,0,F,F
10258,0,F,F
10259,0,F,F
10260,0,F,F
10261,0,F,F
10262,0,F,F
10263,0,F,F
10264,41,T,F
10265,0,F,F
10266,29,T,F
10267,31,T,F
10268,0,F,F
10269,96,T,F
10270,25,T,F
10271,0,F,F
10272,23,T,F
10273,23,T,F
10274,25,T,F
10275,39,T,F
10276,20,T,F
10278,30,T,F
20001,24,T,F
20002,27,T,F
20003,19,T,F
20004,26,T,F
20005,60,T,F
20006,29,T,F
20007,31,T,F
20008,56,T,F
20009,0,F,F
20010,51,T,F
20011,77,T,F
20012,51,T,F
20013,66,T,F
20014,91,T,F
20015,71,T,F
20016,85,T,F
20017,90,T,F
20018,0,F,F
20019,0,F,F
20020,54,T,F
20021,91,T,F
20022,85,T,F
20023,86,T,F
20024,0,F,F
20025,79,T,F
20026,83,T,F
20027,69,T,F
20028,66,T,F
20029,65,T,F
20030,68,T,F
20031,78,T,F
20032,92,T,F
20033,88,T,F
20034,73,T,F
20035,88,T,F
20036,81,T,F
20037,76,T,F
20038,25,T,F
20039,30,T,F
20040,32,T,F
20041,35,T,F
20042,34,T,F
20043,0,F,F
20044,31,T,F
20045,27,T,F
20046,41,T,F
20047,49,T,F
20048,22,T,F
20049,0,F,F
20050,0,F,F
20051,0,F,F
20052,24,T,F
20053,48,T,F
20054,57,T,F
20055,41,T,F
20056,41,T,F
20057,93,T,F
20058,59,T,F
20059,77,T,F
20060,89,T,F
20061,97,T,F
20062,63,T,F
20063,95,T,F
20064,52,T,F
20065,65,T,F
20066,60,T,F
20067,21,T,F
20068,58,T,F
20069,78,T,F
20070,24,T,F
20071,32,T,F
20072,34,T,F
20073,83,T,F
20074,95,T,F
20075,54,T,F
20076,74,T,F
20077,68,T,F
20078,32,T,F
20079,65,T,F
20080,24,T,F
20081,48,T,F
20082,0,F,F
20083,29,T,F
20084,33,T,F
20085,27,T,F
20086,39,T,F
20087,55,T,F
20088,72,T,F
20089,30,T,F
20090,68,T,F
20091,70,T,F
20092,30,T,F
20093,44,T,F
20094,47,T,F
20095,37,T,F
20096,81,T,F
20097,62,T,T
20098,95,T,T
20099,69,T,T
20100,84,T,T
20101,70,T,T
20102,49,T,F
20103,41,T,F
20104,96,T,F
20105,19,T,F
20106,29,T,F
20107,94,T,F
20108,32,T,F
20109,36,T,F
20110,29,T,F
20111,87,T,F
20112,27,T,F
20113,21,T,F
20114,48,T,F
20115,90,T,F
20116,0,F,F
20117,38,T,F
20118,74,T,F
20119,29,T,F
20120,56,T,F
20121,32,T,F
20122,51,T,F
20123,42,T,F
20124,33,T,F
20125,40,T,F
20126,31,T,F
20127,35,T,F
20128,47,T,F
20129,67,T,F
20130,55,T,F
20131,51,T,F
20132,50,T,F
20133,54,T,F
20134,53,T,F
20135,19,T,F
20136,46,T,F
20137,25,T,F
20138,37,T,F
20139,49,T,F
20140,56,T,F
20141,35,T,F
20142,28,T,F
20143,25,T,F
20144,22,T,F
20145,38,T,F
20146,27,T,F
20147,54,T,F
20148,30,T,F
20149,31,T,F
20150,0,F,F
20151,32,T,F
20152,22,T,F
20153,34,T,F
20154,70,T,F
20155,52,T,F
20156,29,T,F
20157,26,T,F
20158,34,T,F
20159,18,T,F
20160,0,F,F
20161,0,F,F
20162,29,T,F
20163,27,T,F
20164,23,T,F
20165,18,T,F
20166,33,T,F
20167,32,T,F
20168,77,T,F
20169,0,F,F
20170,63,T,F
20171,0,F,F
20172,46,T,F
20173,35,T,F
20174,47,T,F
20175,20,T,F
20176,31,T,F
20177,33,T,F
20178,22,T,F
20179,0,F,F
20180,28,T,F
20181,0,F,F
20182,32,T,F
20183,86,T,F
20184,37,T,F
20185,47,T,F
20186,61,T,T
20187,91,T,F
20188,0,F,F
20189,0,F,F
20190,0,F,F
20191,0,F,F
20192,0,F,F
20193,0,F,F
20194,0,F,F
20195,0,F,F
20196,24,T,F
20197,70,T,F
20198,82,T,T
20199,39,T,F
20200,28,T,F
20201,23,T,F
20202,33,T,F
20203,25,T,F
20204,24,T,F
20205,27,T,F
20206,22,T,F
20207,32,T,F
20208,71,T,F
20209,94,T,T
20210,0,F,F
20211,91,T,F
20212,0,F,F
20213,0,F,F
20214,0,F,F
20215,0,F,F
20216,27,T,F
20217,78,T,F
20218,44,T,F
20219,0,F,F
20220,0,F,F
20221,31,T,F
20222,0,F,F
20223,34,T,F
20224,32,T,F
20225,97,T,T
20226,95,T,T
20227,27,T,F
20228,27,T,F
20229,26,T,F
20230,25,T,F
20231,35,T,F
20232,37,T,F
20233,38,T,F
20234,0,F,F
20235,0,F,F
20236,0,F,F
20237,0,F,F
20238,0,F,F
20239,0,F,F
20240,95,T,F
20241,40,T,F
20242,43,T,F
20243,31,T,F
20244,40,T,F
20245,52,T,T
20246,44,T,F
20247,29,T,F
20248,42,T,F
20249,20,T,F
20250,0,F,F
20251,23,T,F
20252,30,T,F
20253,65,T,F
20254,37,T,F
20255,29,T,F
20256,34,T,F
20257,24,T,F
20258,31,T,F
20259,28,T,F
20260,25,T,F
20261,70,T,F
20262,25,T,F
20263,26,T,F
20264,0,F,F
20265,36,T,F
20266,26,T,F
20267,25,T,F
20268,32,T,F
20269,36,T,F
20270,24,T,F
20271,33,T,F
20272,31,T,F
20273,22,T,F
20274,28,T,F
20275,28,T,F
20276,26,T,F
20277,41,T,F
20278,34,T,F
20279,0,F,F
20280,37,T,F
20281,24,T,F
20282,0,F,F
20283,0,F,F
20284,0,F,F
20285,23,T,F
20286,35,T,F
20287,29,T,F
20288,0,F,F
20289,94,T,T
20290,85,T,T
20291,77,T,F
20292,91,T,F
20293,63,T,F
20294,0,F,F
20295,0,F,F
20296,0,F,F
20297,65,T,F
20298,28,T,F
20299,24,T,F
20300,40,T,F
20301,45,T,F
20302,73,T,F
20303,69,T,F
20304,71,T,F
20305,64,T,F
20306,54,T,F
20307,62,T,F
20308,59,T,F
20309,64,T,F
20310,75,T,F
20311,0,F,F
20312,78,T,T
20313,82,T,F
20314,73,T,F
20315,73,T,F
20316,90,T,T
20317,84,T,F
20318,0,F,F
20319,0,F,F
20320,65,T,F
20321,59,T,F
20322,0,F,F
20323,53,T,F
20324,81,T,F
20325,75,T,F
20326,91,T,F
20327,0,F,F
20328,0,F,F
20329,32,T,F
20330,21,T,F
20331,30,T,F
20332,33,T,F
20333,31,T,F
20334,23,T,F
20335,27,T,F
20336,30,T,F
20337,21,T,F
20338,31,T,F
20339,22,T,F
20340,37,T,F
20341,27,T,F
20342,29,T,F
20343,87,T,F
20344,21,T,F
20345,27,T,F
20346,36,T,F
20347,79,T,F
20348,35,T,F
20349,44,T,F
20350,30,T,F
20351,21,T,F
20352,31,T,F
20353,76,T,F
20354,40,T,F
20355,0,F,F
20356,0,F,F
20357,31,T,F
20358,23,T,F
20359,38,T,F
20360,32,T,F
20361,84,T,F
20362,0,F,F
20363,36,T,F
20364,63,T,F
20365,30,T,F
20366,31,T,F
20367,29,T,F
20368,35,T,F
20369,25,T,T
20370,29,T,F
20371,0,F,F
20372,31,T,F
20373,0,F,F
20374,24,T,F
20375,37,T,F
20376,24,T,F
20377,26,T,F
20378,50,T,F
20379,85,T,F
20380,32,T,F
20381,25,T,F
20382,29,T,F
20383,23,T,F
20384,24,T,F
20385,29,T,F
20386,20,T,F
20387,0,F,F
20388,21,T,F
20389,15,T,F
20390,33,T,F
20391,70,T,F
20392,62,T,F
20393,35,T,F
20394,29,T,F
20395,0,F,F
20396,54,T,F
20397,0,F,F
20398,34,T,F
20399,74,T,T
20400,74,T,T
20401,59,T,T
20402,0,F,F
20403,50,T,T
20404,24,T,F
20405,37,T,F
20406,38,T,F
20407,24,T,F
20408,30,T,F
20409,29,T,F
20410,21,T,F
20411,28,T,F
20412,29,T,F
20413,32,T,F
20414,24,T,F
20415,29,T,T
20416,28,T,F
20417,33,T,F
20418,41,T,F
20419,34,T,F
20420,77,T,F
20421,26,T,F
20422,29,T,F
20423,26,T,F
20424,33,T,F
20425,33,T,F
20426,25,T,F
20427,30,T,F
20428,35,T,F
20429,27,T,F
20430,34,T,F
20431,20,T,F
20432,27,T,F
20433,16,T,F
20434,25,T,F
20435,28,T,F
20436,32,T,F
20437,82,T,F
20438,25,T,F
20439,63,T,F
20440,85,T,F
20441,0,F,F
20442,0,F,F
20443,0,F,F
20444,24,T,F
20445,26,T,F
20446,32,T,F
20447,23,T,F
20448,25,T,F
20449,31,T,F
20450,24,T,F
20451,26,T,F
20452,22,T,F
20453,26,T,F
20454,29,T,F
20455,31,T,F
20456,78,T,F
20457,32,T,F
20458,51,T,F
20459,46,T,F
20460,47,T,F
20461,42,T,F
20462,30,T,F
20463,30,T,F
20464,29,T,F
20465,76,T,F
20466,29,T,F
20467,17,T,F
20468,25,T,F
20469,32,T,F
20470,22,T,F
20471,26,T,F
20472,22,T,F
20473,34,T,F
20474,82,T,F
20475,29,T,F
20476,23,T,F
20477,28,T,F
20478,35,T,F
20479,80,T,T
20480,83,T,F
20481,68,T,F
20482,89,T,T
20483,85,T,T
20484,71,T,T
20485,89,T,T
20486,93,T,T
20487,85,T,F
20488,91,T,T
20489,76,T,T
20490,85,T,T
20491,0,F,F
20492,0,F,F
20493,38,T,F
20494,26,T,F
20495,18,T,F
20496,28,T,F
20497,23,T,F
20498,24,T,F
20499,37,T,F
20500,30,T,F
20501,74,T,F
20502,25,T,F
20503,28,T,F
20504,33,T,F
20505,68,T,F
20506,0,F,F
20507,24,T,T
20508,21,T,F
20509,25,T,F
20510,27,T,F
20511,24,T,F
20512,27,T,F
20513,29,T,F
20514,28,T,F
20515,58,T,F
20516,94,T,F
20517,38,T,F
20518,78,T,F
20519,94,T,F
20520,95,T,F
20521,93,T,F
20522,85,T,F
20523,32,T,F
20524,35,T,F
20525,30,T,F
20526,28,T,F
20527,26,T,F
20528,21,T,F
20529,32,T,F
20530,26,T,F
20531,25,T,F
20532,21,T,F
20533,30,T,F
20534,90,T,F
20535,42,T,F
20536,32,T,F
20537,45,T,F
20538,40,T,F
20539,37,T,F
20540,33,T,F
20541,37,T,F
20542,43,T,F
20543,41,T,F
20544,31,T,F
20545,0,F,F
20546,36,T,F
20547,82,T,F
20548,44,T,F
20549,29,T,F
20550,35,T,F
20551,33,T,F
20552,47,T,F
20553,33,T,F
20554,37,T,F
20555,41,T,F
20556,0,F,F
20557,31,T,F
20558,27,T,F
20559,37,T,F
20560,81,T,F
20561,28,T,F
20562,60,T,F
20563,43,T,F
20564,92,T,F
20565,22,T,F
20566,47,T,F
20567,96,T,T
20568,82,T,F
20569,0,F,F
20570,0,F,F
20571,76,T,F
20572,29,T,F
20573,23,T,F
20574,35,T,F
20575,20,T,F
20576,36,T,F
20577,0,F,F
20578,37,T,F
20579,26,T,F
20580,30,T,F
20581,0,F,F
20582,24,T,F
20583,29,T,F
20584,53,T,F
20585,43,T,F
20586,25,T,F
20587,25,T,F
20588,40,T,F
20589,31,T,F
20590,24,T,F
20591,25,T,F
30001,92,T,F
30002,62,T,F
30003,78,T,F
30004,35,T,F
30005,89,T,F
30006,0,F,F
30007,83,T,F
30008,79,T,F
30009,75,T,F
30010,67,T,F
30011,37,T,F
30012,28,T,F
30013,23,T,F
30014,21,T,F
30015,93,T,F
30016,81,T,F
30017,91,T,F
30018,72,T,F
30019,63,T,F
30020,0,F,F
30021,44,T,F
30022,51,T,F
30023,61,T,F
30024,57,T,F
30025,90,T,F
30026,91,T,F
30027,89,T,F
30028,0,F,F
30029,71,T,F
30030,0,F,F
30031,83,T,F
30032,29,T,F
30033,38,T,F
30034,18,T,F
30035,27,T,F
30036,35,T,F
30037,20,T,F
30038,23,T,F
30039,46,T,F
30040,41,T,F
30041,41,T,F
30042,34,T,F
30043,38,T,F
30044,53,T,F
30045,35,T,F
30046,32,T,F
30047,48,T,F
30048,49,T,F
30049,39,T,F
30050,42,T,F
30051,56,T,T
30052,88,T,F
30053,91,T,F
30054,42,T,F
30055,19,T,F
30056,23,T,F
30057,61,T,F
30058,27,T,F
30059,83,T,F
30060,0,F,F
30061,42,T,F
30062,30,T,F
30063,28,T,F
30064,29,T,F
30065,30,T,F
30066,59,T,F
30067,30,T,F
30068,0,F,F
30069,67,T,F
30070,49,T,F
30071,40,T,F
30072,44,T,F
30073,26,T,F
30074,24,T,F
30075,26,T,F
30076,31,T,F
30077,21,T,F
30078,30,T,F
30079,26,T,F
30080,77,T,F
30081,21,T,F
30082,19,T,F
30083,21,T,F
30084,0,F,F
30085,25,T,F
30086,69,T,F
30087,0,F,F
30088,28,T,F
30089,32,T,F
30090,25,T,F
30091,33,T,F
30092,25,T,F
30093,0,F,F
30094,35,T,F
30095,30,T,F
30096,26,T,F
30097,0,F,F
30098,89,T,F
30099,43,T,F
30100,41,T,F
30101,39,T,F
30102,36,T,F
30103,72,T,T
30104,0,F,F
30105,25,T,F
30106,0,F,F
30107,26,T,F
30108,23,T,F
30109,21,T,F
30110,0,F,F
30111,25,T,F
30112,0,F,F
30113,20,T,F
30114,67,T,F
30115,27,T,F
30116,23,T,F
30117,40,T,F
30118,31,T,F
30119,26,T,F
30120,24,T,F
30121,28,T,F
30122,42,T,F
30123,86,T,F
30124,93,T,F
30125,80,T,F
30126,21,T,F
30127,80,T,F
30128,77,T,F
30129,22,T,F
30130,46,T,F
30131,64,T,F
30132,46,T,F
30133,86,T,F
30134,55,T,F
30135,53,T,F
30136,37,T,F
30137,87,T,F
30138,76,T,F
30139,42,T,F
30140,70,T,F
30141,82,T,T
30142,51,T,F
30143,22,T,F
30144,25,T,F
30145,26,T,F
30146,26,T,F
30147,20,T,F
30148,30,T,F
30149,28,T,F
30150,23,T,F
30151,25,T,F
30152,23,T,F
30153,28,T,F
30154,20,T,F
30155,23,T,F
30156,27,T,F
30157,24,T,F
30158,0,F,F
30159,28,T,F
30160,26,T,F
30161,21,T,F
30162,0,F,F
30163,28,T,F
30164,0,F,F
30165,27,T,F
30166,25,T,F
30167,23,T,F
30168,57,T,F
30169,24,T,F
30170,30,T,F
30171,20,T,F
30172,35,T,F
30173,22,T,F
30174,19,T,F
30175,27,T,F
30176,26,T,F
30177,20,T,F
30178,33,T,F
30179,21,T,F
30180,30,T,F
30181,35,T,F
30182,20,T,F
30183,30,T,F
30184,17,T,F
30185,22,T,F
30186,22,T,F
30187,0,F,F
30188,0,F,F
30189,23,T,F
30190,32,T,F
30191,45,T,F
30192,22,T,F
30193,72,T,F
30194,28,T,F
30195,28,T,F
30196,23,T,F
30197,33,T,F
30198,22,T,F
30199,21,T,F
30200,28,T,F
30201,21,T,F
30202,21,T,T
30203,42,T,F
30204,27,T,F
30205,24,T,F
30206,30,T,F
30207,21,T,F
30208,77,T,F
30209,86,T,F
30210,86,T,F
30211,81,T,F
30212,88,T,F
30213,92,T,F
30214,32,T,F
30215,0,F,F
30216,0,F,F
30217,0,F,F
30218,0,F,F
30219,0,F,F
30220,0,F,F
30221,0,F,F
30222,0,F,F
30223,0,F,F
30224,0,F,F
30225,0,F,F
30226,0,F,F
30227,0,F,F
30228,0,F,F
30229,0,F,F
30230,0,F,F
30231,0,F,F
30232,0,F,F
30233,0,F,F
30234,0,F,F
30235,0,F,F
30236,0,F,F
30237,0,F,F
30238,42,T,F
30239,87,T,F
30240,35,T,F
30241,38,T,F
30242,22,T,F
30243,0,F,F
30244,56,T,F
30245,25,T,F
30246,21,T,F
30247,91,T,F
30248,22,T,F
30249,30,T,F
30250,24,T,F
30251,41,T,F
30252,0,F,F
30253,79,T,F
30254,22,T,F
30255,28,T,F
30256,60,T,F
30257,23,T,F
30258,26,T,F
30259,46,T,F
30260,30,T,F
30261,32,T,F
30262,30,T,F
30263,21,T,F
30264,80,T,F
30265,65,T,F
30266,84,T,F
30267,26,T,F
30268,27,T,F
30269,21,T,F
30270,0,F,F
30271,29,T,F
30272,25,T,F
30273,19,T,F
30274,22,T,F
30275,26,T,F
30276,26,T,F
30277,27,T,F
30278,19,T,F
30279,21,T,F
30280,24,T,F
30281,30,T,F
30282,16,T,F
30283,21,T,F
30284,81,T,T
30285,0,F,F
30286,0,F,F
30287,0,F,F
30288,64,T,F
30289,76,T,F
30290,65,T,F
30291,79,T,T
30292,76,T,T
30293,79,T,F
30294,0,F,F
30295,0,F,F
30296,0,F,F
30297,41,T,F
30298,0,F,F
30299,31,T,F
30300,82,T,F
30301,0,F,F
30302,82,T,F
30303,0,F,F
30304,59,T,F
30305,82,T,F
30306,34,T,F
30307,0,F,F
30308,48,T,F
30309,71,T,F
30310,43,T,F
30311,70,T,F
30312,59,T,F
30313,94,T,T
30314,0,F,F
30315,0,F,F
30316,43,T,F
30317,30,T,F
30318,57,T,F
30319,50,T,F
30320,44,T,F
30321,83,T,F
30322,24,T,F
30323,84,T,F
30324,59,T,F
30325,68,T,F
30326,76,T,F
30327,50,T,F
30328,84,T,F
30329,27,T,F
30330,31,T,F
30331,0,F,F
30332,0,F,F
30333,0,F,F
30334,0,F,F
30335,29,T,F
30336,19,T,F
30337,21,T,F
30338,32,T,F
30339,16,T,F
30340,23,T,F
30341,22,T,F
30342,19,T,F
30343,19,T,F
30344,33,T,F
30345,28,T,F
30346,21,T,F
30347,25,T,F
30348,25,T,F
30349,23,T,F
30350,26,T,F
30351,26,T,F
30352,29,T,F
30353,19,T,F
30354,0,F,F
30355,30,T,F
30356,26,T,F
30357,21,T,F
30358,23,T,F
30359,23,T,F
30360,23,T,F
30361,37,T,F
30362,32,T,F
30363,28,T,F
30364,24,T,F
30365,27,T,F
30366,24,T,F
30367,24,T,F
30368,36,T,F
30369,25,T,F
30370,93,T,F
30371,0,F,F
30372,88,T,F
30373,85,T,F
30374,23,T,F
30375,19,T,F
30376,20,T,F
30377,27,T,F
30378,27,T,F
30379,0,F,F
30380,25,T,F
30381,23,T,F
30382,27,T,F
30383,33,T,F
30384,45,T,F
30385,41,T,F
30386,63,T,F
30387,0,F,F
30388,36,T,F
30389,29,T,F
30390,26,T,F
30391,24,T,F
30392,29,T,F
30393,26,T,F
30394,22,T,F
30395,24,T,F
30396,32,T,F
30397,21,T,F
30398,89,T,F
30399,31,T,F
30400,25,T,F
30401,34,T,T
30402,33,T,F
30403,87,T,F
30404,47,T,F
30405,27,T,F
30406,28,T,F
30407,33,T,F
30408,28,T,F
30409,29,T,F
30410,0,F,F
30411,20,T,F
30412,41,T,F
30413,0,F,F
30414,0,F,F
30415,0,F,F
30416,20,T,F
30417,30,T,F
30418,23,T,F
30419,65,T,F
30420,17,T,F
30421,41,T,F
30422,69,T,F
30423,39,T,F
30424,70,T,F
30425,28,T,F
30426,36,T,F
30427,20,T,F
30428,64,T,F
30429,0,F,F
30430,44,T,F
30431,32,T,F
30432,39,T,F
30433,26,T,F
30434,0,F,F
30435,23,T,F
30436,20,T,F
30437,23,T,F
30438,26,T,F
30439,28,T,F
30440,26,T,F
30441,0,F,F
30442,24,T,F
30443,19,T,F
30444,36,T,F
30445,25,T,F
30446,29,T,F
30447,0,F,F
30448,29,T,F
30449,27,T,F
30450,30,T,F
30451,0,F,F
30452,29,T,F
30453,22,T,F
30454,31,T,F
30455,0,F,F
30456,0,F,F
30457,24,T,F
30458,20,T,F
30459,26,T,F
30460,34,T,F
30461,42,T,F
30462,27,T,F
30463,25,T,F
30464,24,T,F
30465,24,T,F
30466,31,T,F
30467,75,T,F
30468,75,T,F
30469,40,T,F
30470,20,T,F
30471,24,T,F
30472,34,T,F
30473,25,T,F
30474,23,T,F
30475,28,T,F
30476,25,T,F
30477,18,T,F
30478,34,T,F
30479,22,T,F
30480,68,T,F
30481,25,T,F
30482,31,T,F
30483,25,T,T
30484,0,F,F
30485,31,T,F
30486,41,T,F
30487,43,T,F
30488,53,T,F
30489,74,T,F
30490,28,T,F
30491,18,T,F
30492,20,T,F
30493,53,T,F
30494,49,T,F
30495,22,T,F
30496,24,T,F
30497,20,T,F
30498,35,T,F
30499,19,T,F
30500,30,T,F
30501,18,T,F
30502,88,T,F
30503,33,T,F
30504,0,F,F
30505,0,F,F
30506,86,T,F
30507,0,F,F
30508,33,T,F
30509,0,F,F
30510,17,T,F
30511,16,T,F
30512,87,T,F
30513,0,F,F
30514,0,F,F
30515,0,F,F
30516,57,T,F
30517,24,T,F
30518,0,F,F
30519,25,T,F
30520,20,T,F
30521,31,T,F
30522,17,T,F
30523,23,T,F
30524,25,T,F
30525,25,T,F
30526,21,T,F
30527,25,T,F
30528,22,T,F
30529,15,T,F
30530,24,T,F
30531,26,T,F
30532,13,T,F
30533,20,T,F
30534,29,T,F
30535,21,T,F
30536,21,T,F
30537,27,T,F
30538,25,T,F
30539,20,T,F
30540,18,T,F
30541,23,T,F
30542,10,T,F
30543,0,F,F
30544,28,T,F
30545,83,T,F
30546,36,T,F
30547,44,T,F
30548,35,T,F
30549,35,T,F
30550,22,T,F
30551,28,T,F
30552,23,T,F
30553,21,T,F
30554,0,F,F
30555,24,T,F
30556,23,T,F
30557,29,T,F
30558,24,T,F
30559,27,T,F
30560,33,T,F
30561,24,T,F
30562,37,T,F
30563,20,T,F
30564,33,T,F
30565,24,T,F
30566,81,T,F
30567,32,T,F
30568,56,T,F
30569,27,T,F
30570,88,T,F
30571,54,T,F
30572,80,T,F
30573,22,T,F
30574,23,T,F
30575,28,T,F
30576,56,T,F
30577,0,F,F
30578,0,F,F
30579,29,T,F
30580,0,F,F
30581,20,T,F
30582,31,T,F
30583,22,T,F
30584,0,F,F
30585,82,T,F
30586,83,T,F
30587,79,T,F
30588,78,T,T
30589,0,F,F
30590,37,T,F
30591,26,T,F
30592,22,T,F
30593,0,F,F
30594,22,T,F
30595,17,T,F
30596,30,T,F
30597,18,T,F
30598,0,F,F
30599,0,F,F
30600,29,T,F
30601,52,T,F
30602,22,T,F
30603,17,T,F
30604,19,T,T
30605,23,T,F
30606,28,T,F
30607,18,T,F
30608,0,F,F
30609,64,T,F
30610,30,T,F
30611,27,T,F
30612,29,T,F
30613,0,F,F
30614,89,T,F
30615,59,T,F
30616,27,T,F
30617,20,T,F
30618,22,T,F
30619,24,T,F
30620,26,T,F
30621,29,T,F
30622,19,T,F
30623,26,T,F
30624,29,T,F
30625,22,T,F
30626,30,T,F
30627,0,F,F
30628,0,F,F
30629,23,T,F
30630,86,T,F
30631,46,T,F
30632,25,T,F
30633,0,F,F
30634,13,T,F
30635,19,T,F
30636,14,T,F
30637,30,T,F
30638,25,T,F
30639,27,T,F
30640,23,T,F
30641,21,T,F
30642,23,T,F
30643,24,T,F
30644,33,T,F
30645,20,T,F
30646,21,T,F
30647,17,T,F
30648,26,T,F
30649,21,T,F
30650,27,T,F
30651,29,T,F
30652,35,T,F
30653,24,T,F
30654,23,T,F
30655,17,T,F
30656,28,T,F
30657,27,T,F
30658,18,T,F
30659,44,T,F
30660,24,T,F
30661,24,T,F
30662,31,T,F
30663,28,T,F
30664,23,T,F
30665,30,T,F
30666,24,T,F
30667,0,F,F
30668,0,F,F
30669,0,F,F
30670,0,F,F
30671,0,F,F
30672,26,T,F
30673,24,T,F
30674,32,T,F
30675,48,T,T
30676,0,F,F
30677,30,T,F
30678,33,T,F
30679,90,T,F
30680,60,T,F
30681,57,T,F
30682,90,T,F
30683,64,T,F
30684,61,T,F
30685,38,T,F
30686,0,F,F
30687,71,T,F
30688,32,T,F
30689,32,T,F
30690,0,F,F
30691,31,T,F
30692,35,T,F
30693,53,T,F
30694,53,T,F
30695,26,T,F
30696,20,T,F
30697,28,T,F
30698,0,F,F
30699,19,T,F
30700,28,T,F
30701,29,T,F
30702,26,T,F
30703,20,T,F
30704,20,T,F
30705,31,T,F
30706,22,T,T
30707,22,T,F
30708,71,T,F
30709,21,T,F
30710,26,T,T
30711,22,T,T
40001,84,T,F
40002,85,T,F
40003,68,T,F
40004,81,T,F
40005,46,T,F
40006,0,F,F
40007,0,F,F
40008,0,F,F
40009,87,T,T
40010,34,T,F
40011,29,T,F
40012,28,T,F
40013,25,T,F
40014,32,T,F
40015,21,T,F
40016,32,T,F
40017,33,T,F
40018,30,T,F
40019,27,T,F
40020,33,T,F
40021,23,T,F
40022,31,T,F
40023,34,T,F
40024,27,T,F
40025,32,T,F
40026,36,T,F
40027,29,T,F
40028,37,T,F
40029,25,T,F
40030,24,T,F
40031,63,T,F
40032,39,T,F
40033,40,T,F
40034,32,T,F
40035,28,T,F
40036,26,T,F
40037,25,T,F
40038,28,T,F
40039,50,T,F
40040,69,T,F
40041,75,T,F
40042,42,T,F
40043,48,T,F
40044,50,T,F
40045,73,T,F
40046,63,T,F
40047,55,T,F
40048,50,T,F
40049,43,T,F
40050,0,F,F
40051,22,T,F
40052,34,T,F
40053,0,F,F
40054,34,T,F
40055,0,F,F
40056,25,T,T
40057,25,T,F
40058,25,T,F
40059,20,T,T
40060,39,T,T
40061,29,T,T
40062,30,T,F
40063,27,T,F
40064,22,T,F
40065,33,T,T
40066,27,T,F
40067,26,T,F
40068,29,T,F
40069,0,F,F
40070,25,T,F
40071,27,T,T
40072,0,F,F
40073,0,F,F
40074,0,F,F
40075,0,F,F
40076,0,F,F
40077,0,F,F
40078,0,F,F
40079,0,F,F
40080,0,F,F
40081,0,F,F
40082,0,F,F
40083,0,F,F
40084,0,F,F
40085,0,F,F
40086,0,F,F
40087,0,F,F
40088,0,F,F
40089,0,F,F
40090,0,F,F
40091,0,F,F
40092,0,F,F
40093,0,F,F
40094,0,F,F
40095,0,F,F
40096,0,F,F
40097,0,F,F
40098,0,F,F
40099,33,T,F
40100,31,T,F
40101,35,T,F
40102,29,T,F
40103,24,T,F
40104,20,T,F
40105,28,T,F
40106,76,T,F
40107,31,T,F
40108,27,T,F
40109,30,T,F
40110,19,T,F
40111,27,T,F
40112,33,T,F
40113,33,T,F
40114,23,T,F
40115,22,T,F
40116,26,T,F
40117,26,T,F
40118,30,T,F
40119,26,T,F
40120,23,T,F
40121,35,T,F
40122,28,T,F
40123,34,T,F
40124,28,T,F
40125,24,T,F
40126,28,T,F
40127,27,T,F
40128,35,T,F
40129,22,T,F
40130,28,T,F
40131,0,F,F
40132,0,F,F
40133,0,F,F
40134,32,T,F
40135,0,F,F
40136,24,T,F
40137,34,T,F
40138,26,T,F
40139,29,T,F
40140,29,T,F
40141,27,T,F
40142,33,T,F
40143,33,T,F
40144,34,T,F
40145,32,T,F
40146,27,T,F
40147,20,T,F
40148,32,T,F
40149,28,T,F
40150,33,T,F
40151,26,T,F
40152,0,F,F
40153,0,F,F
40154,19,T,F
40155,33,T,F
40156,30,T,F
40157,33,T,F
40158,0,F,F
40159,35,T,F
40160,35,T,F
40161,0,F,F
40162,46,T,F
40163,34,T,F
40164,26,T,F
40165,0,F,F
40166,31,T,F
40167,33,T,F
40168,31,T,F
40169,31,T,F
40170,27,T,F
40171,30,T,F
40172,31,T,F
40173,26,T,F
40174,25,T,F
40175,35,T,F
40176,24,T,F
40177,20,T,F
40178,27,T,F
40179,30,T,F
40180,29,T,F
40181,29,T,F
40182,26,T,F
40183,24,T,F
40184,24,T,F
40185,18,T,F
40186,16,T,F
40187,20,T,F
40188,34,T,F
40189,33,T,F
40190,29,T,F
40191,0,F,F
40192,34,T,F
40193,0,F,F
40194,27,T,F
40195,25,T,F
40196,28,T,F
40197,24,T,F
40198,30,T,F
40199,0,F,F
40200,28,T,F
40201,30,T,F
40202,21,T,F
40203,22,T,F
40204,37,T,F
40205,32,T,F
40206,22,T,F
40207,31,T,F
40208,28,T,F
40209,22,T,F
40210,34,T,F
40211,31,T,F
40212,22,T,F
40213,0,F,F
40214,40,T,F
40215,27,T,F
40216,0,F,F
40217,30,T,F
40218,24,T,F
40219,27,T,F
40220,20,T,F
40221,22,T,F
40222,40,T,F
40223,18,T,F
40224,26,T,F
40225,48,T,F
40226,0,F,F
40227,48,T,F
40228,0,F,F
40229,0,F,F
40230,48,T,F
40231,0,F,F
40232,65,T,F
40233,0,F,F
40234,50,T,F
40235,32,T,F
40236,52,T,F
40237,23,T,F
40238,19,T,F
40239,11,T,F
40240,24,T,F
40241,29,T,F
40242,27,T,F
40243,28,T,F
40244,16,T,F
40245,36,T,F
40246,19,T,F
40247,27,T,F
40248,34,T,F
40249,32,T,F
40250,58,T,F
40251,85,T,F
40252,42,T,F
40253,87,T,F
40254,40,T,F
40255,41,T,F
40256,25,T,F
40257,21,T,F
40258,33,T,F
40259,70,T,F
40260,65,T,F
40261,26,T,F
40262,21,T,F
40263,38,T,F
40264,30,T,F
40265,25,T,F
40266,32,T,F
40267,32,T,F
40268,23,T,F
40269,0,F,F
40270,24,T,F
40271,26,T,F
40272,38,T,F
40273,28,T,F
40274,23,T,F
40275,23,T,F
40276,36,T,F
40277,27,T,F
40278,28,T,F
40279,18,T,F
40280,28,T,F
40281,33,T,F
40282,23,T,F
40283,17,T,F
40284,24,T,F
40285,29,T,F
40286,18,T,F
40287,21,T,F
40288,25,T,F
40289,24,T,F
40290,33,T,F
40291,22,T,F
40292,31,T,F
40293,24,T,F
40294,27,T,F
40295,29,T,F
40296,25,T,F
40297,29,T,F
40298,31,T,F
40299,32,T,F
40300,0,F,F
40301,26,T,F
40302,42,T,F
40303,25,T,F
40304,24,T,F
40305,0,F,F
40306,24,T,F
40307,0,F,F
40308,0,F,F
40309,36,T,F
40310,31,T,F
40311,33,T,F
40312,28,T,F
40313,0,F,F
40314,28,T,F
40315,34,T,F
40316,26,T,F
40317,31,T,F
40318,31,T,F
40319,27,T,F
40320,35,T,F
40321,0,F,F
40322,21,T,F
40323,29,T,F
40324,20,T,F
40325,23,T,F
40326,0,F,F
40327,0,F,F
40328,0,F,F
40329,0,F,F
40330,42,T,F
40331,35,T,F
40332,0,F,F
40333,35,T,F
40334,0,F,F
40335,68,T,F
40336,62,T,F
40337,37,T,F
40338,18,T,F
40339,21,T,F
40340,26,T,F
40341,0,F,F
40342,0,T,F
40343,27,T,F
40344,29,T,F
40345,0,F,F
40346,85,T,F
40347,94,T,F
40348,33,T,F
40349,30,T,F
40350,25,T,F
40351,25,T,F
40352,40,T,F
40353,27,T,F
40354,40,T,F
40355,33,T,F
40356,34,T,F
40357,26,T,F
40358,40,T,F
40359,22,T,F
40360,29,T,F
40361,66,T,F
40362,27,T,F
40363,27,T,F
40364,29,T,F
40365,36,T,F
40366,28,T,F
40367,39,T,F
40368,28,T,F
40369,29,T,F
40370,25,T,F
40371,21,T,F
40372,25,T,F
40373,20,T,F
40374,30,T,F
40375,21,T,F
40376,24,T,F
40377,70,T,F
40378,25,T,F
40379,82,T,F
40380,56,T,F
40381,0,F,F
40382,90,T,F
40383,73,T,F
40384,0,F,F
40385,26,T,F
40386,36,T,F
40387,37,T,F
40388,36,T,F
40389,26,T,F
40390,44,T,F
40391,25,T,F
40392,31,T,F
40393,0,F,F
40394,21,T,F
40395,29,T,F
40396,0,F,F
40397,35,T,F
40398,33,T,F
40399,76,T,F
40400,38,T,F
40401,23,T,F
40402,30,T,F
40403,30,T,F
40404,43,T,F
40405,56,T,F
40406,51,T,F
40407,58,T,F
40408,44,T,F
40409,0,F,F
40410,28,T,F
40411,22,T,F
40412,34,T,F
40413,33,T,F
40414,86,T,F
40415,84,T,F
40416,86,T,F
40417,87,T,F
40418,73,T,F
40419,32,T,F
40420,0,F,F
40421,28,T,F
40422,68,T,F
40423,22,T,F
40424,33,T,F
40425,21,T,F
40426,22,T,F
40427,30,T,F
40428,23,T,F
40429,61,T,F
40430,0,F,F
40431,30,T,F
40432,36,T,F
40433,30,T,F
40434,0,F,F
40435,44,T,F
40436,35,T,F
40437,26,T,F
40438,33,T,F
40439,36,T,F
40440,30,T,F
40441,39,T,F
40442,47,T,F
40443,18,T,F
40444,27,T,F
40445,33,T,F
40446,34,T,F
40447,0,F,F
40448,50,T,F
40449,24,T,F
40450,0,F,F
40451,27,T,F
40452,44,T,F
40453,32,T,F
40454,23,T,F
40455,70,T,F
40456,24,T,F
40457,30,T,F
40458,29,T,F
40459,24,T,F
40460,26,T,F
40461,55,T,F
40462,38,T,F
40463,26,T,F
40464,27,T,F
40465,31,T,F
40466,26,T,F
40467,27,T,F
40468,35,T,F
40469,77,T,F
40470,80,T,F
40471,56,T,F
40472,88,T,F
40473,71,T,F
40474,0,F,F
40475,0,F,F
40476,0,F,F
40477,0,F,F
40478,0,F,F
40479,0,F,F
40480,0,F,F
40481,0,F,F
40482,81,T,F
40483,33,T,F
40484,20,T,F
40485,29,T,F
40486,25,T,F
40487,26,T,F
40488,26,T,F
40489,28,T,F
40490,25,T,F
40491,27,T,F
40492,25,T,F
40493,31,T,F
40494,40,T,F
40495,38,T,F
40496,33,T,F
40497,29,T,F
40498,28,T,F
40499,16,T,F
40500,30,T,F
40501,26,T,F
40502,26,T,F
40503,33,T,F
40504,30,T,F
40505,27,T,F
40506,30,T,F
40507,0,F,F
40508,42,T,F
40509,40,T,F
40510,18,T,F
40511,32,T,F
40512,0,F,F
40513,24,T,F
40514,27,T,F
40515,0,F,F
40516,31,T,F
40517,83,T,F
40518,30,T,F
40519,31,T,F
40520,0,F,F
40521,42,T,F
40522,37,T,F
40523,26,T,F
40524,28,T,F
40525,36,T,T
40526,27,T,F
40527,25,T,F
40528,26,T,F
40529,18,T,F
40530,25,T,F
40531,22,T,F
40532,65,T,F
40533,23,T,F
40534,0,F,F
40535,40,T,F
40536,30,T,F
40537,75,T,F
40538,24,T,F
40539,24,T,F
40540,0,F,F
40541,28,T,F
40542,34,T,F
40543,23,T,F
40544,22,T,F
40545,25,T,F
40546,21,T,F
40547,30,T,F
40548,32,T,F
40549,28,T,F
40550,31,T,F
40551,26,T,F
40552,30,T,F
40553,23,T,F
40554,36,T,F
40555,0,F,F
40556,29,T,F
40557,0,F,F
40558,0,F,F
40559,0,F,F
40560,0,F,F
40561,0,F,F
40562,0,F,F
40563,19,T,F
40564,0,F,F
40565,28,T,F
40566,0,F,F
40567,26,T,F
40568,21,T,F
40569,24,T,F
40570,47,T,F
40571,74,T,F
40572,33,T,F
40573,24,T,T
40574,26,T,F
40575,33,T,F
40576,31,T,F
40577,0,F,F
40578,25,T,F
40579,0,F,F
40580,25,T,F
40581,0,F,F
40582,0,F,F
40583,24,T,F
40584,0,F,F
40585,27,T,F
40586,0,F,F
40587,0,F,F
40588,0,F,F
40589,0,F,F
40590,0,F,F
40591,0,F,F
40592,0,F,F
40593,0,F,F
40594,0,F,F
40595,0,F,F
40596,0,F,F
40597,0,F,F
40598,0,F,F
40599,0,F,F
40600,0,F,F
40601,0,F,F
40602,0,F,F
40603,0,F,F
40604,0,F,F
40605,0,F,F
40606,0,F,F
40607,0,F,F
40608,0,F,F
40609,0,F,F
40610,0,F,F
40611,0,F,F
40612,0,F,F
40613,0,F,F
40614,30,T,F
40615,29,T,F
40616,41,T,F
40617,25,T,F
40618,19,T,F
40619,25,T,F
40620,36,T,F
40621,25,T,F
40622,22,T,F
40623,22,T,F
40624,25,T,F
40625,53,T,F
40626,37,T,F
40627,32,T,F
40628,29,T,F
40629,23,T,F
40630,32,T,F
40631,29,T,F
40632,24,T,F
40633,36,T,F
40634,24,T,F
40635,26,T,F
40636,33,T,F
40637,30,T,F
40638,27,T,F
40639,32,T,F
40640,23,T,F
40641,26,T,T
40642,31,T,F
40643,0,F,F
40644,29,T,F
40645,21,T,F
40646,22,T,F
40647,80,T,F
40648,49,T,F
40649,65,T,F
40650,56,T,F
40651,25,T,F
40652,22,T,F
40653,0,F,F
40654,37,T,F
40655,24,T,F
40656,28,T,F
40657,13,T,F
40658,20,T,F
40659,20,T,F
40660,23,T,F
40661,28,T,F
40662,0,F,F
40663,29,T,F
40664,25,T,F
40665,29,T,F
40666,29,T,F
40667,18,T,F
40668,25,T,F
40669,0,F,F
40670,0,F,F
40671,0,F,F
40672,25,T,F
40673,85,T,F
40674,32,T,F
40675,49,T,F
40676,0,F,F
40677,0,F,F
40678,29,T,T
40679,28,T,F
40680,31,T,T
40681,29,T,F
40682,0,F,F
40683,0,F,F
40684,0,F,F
40685,31,T,F
40686,34,T,F
40687,25,T,T
40688,90,T,F
40689,29,T,F
40690,30,T,F
40691,36,T,F
40692,28,T,F
40693,26,T,F
40694,25,T,F
40695,28,T,F
40696,28,T,F
40697,34,T,F
40698,36,T,F
40699,24,T,F
40700,23,T,F
40701,32,T,F
40702,33,T,F
40703,20,T,F
40704,0,F,F
40705,26,T,F
40706,26,T,F
40707,21,T,F
40708,28,T,F
40709,34,T,F
40710,20,T,F
40711,31,T,F
40712,23,T,F
40713,20,T,F
40714,32,T,F
40715,24,T,F
40716,0,F,F
40717,31,T,F
40718,26,T,F
40719,30,T,F
40720,25,T,F
40721,34,T,F
40722,27,T,F
40723,30,T,F
40724,22,T,F
40725,0,F,F
40726,20,T,F
40727,31,T,F
40728,28,T,F
40729,32,T,F
40730,29,T,F
40731,25,T,F
40732,0,F,F
40733,0,F,F
40734,30,T,F
40735,0,F,F
40736,16,T,F
40737,21,T,F
40738,29,T,F
40739,0,F,F
40740,33,T,F
40741,30,T,F
40742,28,T,F
40743,0,F,F
40744,27,T,F
40745,26,T,F
40746,32,T,F
40747,26,T,F
40748,60,T,F
40749,0,F,F
40750,28,T,F
40751,0,F,F
40752,0,F,F
40753,30,T,F
40754,29,T,F
40755,29,T,F
40756,29,T,F
40757,0,F,F
40758,28,T,F
40759,31,T,F
40760,27,T,F
40761,25,T,F
40762,25,T,F
40763,22,T,F
40764,18,T,F
40765,23,T,F
40766,22,T,F
40767,23,T,F
40768,21,T,F
40769,28,T,F
40770,21,T,F
40771,28,T,F
40772,36,T,F
40773,22,T,F
40774,22,T,F
40775,28,T,F
40776,57,T,F
40777,42,T,F
40778,34,T,F
40779,61,T,F
40780,70,T,F
40781,0,F,F
40782,0,F,F
40783,50,T,F
40784,31,T,F
40785,27,T,F
40786,31,T,F
40787,28,T,F
40788,30,T,F
40789,26,T,F
40790,25,T,F
40791,25,T,F
40792,28,T,F
40793,26,T,F
40794,0,F,F
40795,0,F,F
40796,19,T,F
40797,0,F,F
40798,21,T,F
40799,26,T,F
40800,17,T,F
40801,25,T,F
40802,24,T,F
40803,17,T,F
40804,31,T,F
40805,30,T,F
40806,0,F,F
40807,26,T,F
40808,24,T,F
40809,24,T,F
40810,27,T,F
40811,28,T,F
40812,24,T,F
40813,28,T,F
40814,20,T,F
40815,29,T,F
40816,32,T,F
40817,28,T,T
40818,0,F,F
40819,0,F,F
40820,0,F,F
40821,36,T,F
40822,35,T,F
40823,26,T,F
40824,62,T,T
40825,25,T,F
40826,31,T,F
40827,24,T,F
40828,25,T,F
40829,80,T,F
40830,30,T,F
40831,33,T,F
40832,27,T,F
40833,29,T,F
40834,21,T,F
40835,18,T,F
40836,28,T,F
40837,22,T,F
40838,28,T,F
40839,35,T,F
40840,41,T,F
40841,30,T,F
40842,27,T,F
40843,41,T,F
40844,25,T,F
40845,33,T,F
40846,36,T,F
40847,37,T,F
40848,0,F,F
40849,43,T,F
40850,33,T,F
40851,0,F,F
40852,25,T,F
40853,25,T,F
40854,31,T,F
40855,25,T,F
40856,17,T,F
40857,17,T,F
40858,23,T,F
40859,28,T,F
40860,26,T,F
40861,35,T,F
40862,45,T,F
40863,33,T,F
40864,27,T,F
40865,27,T,F
40866,21,T,F
40867,37,T,F
40868,30,T,F
40869,65,T,F
40870,26,T,F
40871,27,T,F
40872,20,T,F
40873,23,T,F
40874,32,T,F
40875,19,T,F
40876,30,T,F
40877,25,T,F
40878,37,T,F
40879,0,F,F
40880,0,F,F
40881,0,F,F
40882,28,T,F
40883,0,F,F
40884,0,F,F
40885,0,F,F
40886,0,F,F
40887,0,F,F
40888,0,F,F
40889,0,F,F
40890,0,F,F
40891,25,T,F
40892,24,T,F
40893,0,F,F
40894,0,F,F
40895,0,F,F
40896,0,F,F
40897,0,F,F
40898,0,F,F
40899,31,T,F
40900,40,T,F
40901,41,T,F
40902,43,T,F
40903,19,T,F
40904,26,T,F
40905,24,T,F
40906,39,T,F
40907,24,T,F
40908,39,T,F
40909,32,T,F
40910,27,T,F
40911,30,T,F
40912,26,T,F
40913,23,T,F
40914,62,T,F
40915,0,F,F
40916,0,F,F
40917,21,T,F
40918,0,F,F
40919,26,T,F
40920,0,F,F
40921,28,T,F
40922,43,T,F
40923,27,T,F
40924,0,F,F
40925,26,T,F
40926,20,T,F
40927,35,T,F
40928,0,F,F
40929,21,T,F
40930,25,T,F
40931,29,T,F
40932,34,T,F
40933,24,T,F
40934,24,T,F
40935,25,T,F
40936,25,T,F
40937,29,T,F
40938,22,T,F
40939,31,T,F
40940,22,T,F
40941,29,T,F
40942,0,F,F
40943,38,T,F
40944,29,T,F
40945,28,T,F
40946,34,T,F
40947,27,T,F
40948,0,F,F
40949,32,T,F
40950,58,T,F
40951,21,T,F
40952,19,T,F
40953,36,T,F
40954,23,T,F
40955,19,T,F
40956,27,T,F
40957,18,T,F
40958,31,T,F
40959,35,T,F
40960,25,T,F
40961,0,F,F
40962,30,T,F
40963,27,T,F
40964,27,T,F
40965,27,T,F
40966,0,F,F
40967,32,T,F
40968,25,T,F
40969,26,T,F
40970,27,T,F
40971,29,T,F
40972,0,F,F
40973,14,T,F
40974,34,T,F
40975,36,T,F
40976,30,T,F
40977,20,T,F
40978,34,T,F
40979,23,T,F
40980,27,T,F
40981,33,T,F
40982,33,T,F
40983,22,T,F
40984,23,T,F
40985,16,T,F
40986,30,T,F
40987,24,T,F
40988,38,T,F
40989,28,T,F
40990,21,T,F
40991,0,F,F
40992,0,F,F
40993,58,T,F
40994,29,T,F
40995,63,T,F
40996,25,T,F
40997,18,T,F
40998,26,T,F
40999,27,T,F
41000,26,T,F
41001,0,F,F
41002,24,T,F
41003,30,T,F
41004,25,T,F
41005,31,T,F
41006,23,T,F
41007,40,T,F
41008,28,T,F
41009,27,T,F
41010,21,T,F
41011,29,T,F
41012,28,T,F
41013,0,F,F
41014,0,F,F
41015,26,T,F
41016,29,T,F
41017,0,F,F
41018,25,T,F
41019,21,T,F
41020,0,F,F
41021,23,T,F
41022,19,T,F
41023,24,T,F
41024,27,T,F
41025,25,T,F
41026,21,T,F
41027,21,T,F
41028,33,T,F
41029,0,F,F
41030,0,F,F
41031,26,T,F
41032,26,T,F
41033,29,T,F
41034,31,T,F
41035,34,T,F
41036,25,T,F
41037,33,T,F
41038,32,T,F
41039,24,T,F
41040,35,T,F
41041,18,T,F
41042,22,T,F
41043,21,T,F
41044,23,T,F
41045,38,T,F
41046,17,T,F
41047,32,T,F
41048,28,T,F
41049,26,T,F
41050,26,T,F
41051,0,F,F
41052,23,T,F
41053,33,T,F
41054,27,T,F
41055,28,T,F
41056,24,T,F
41057,26,T,F
41058,23,T,F
41059,25,T,F
41060,35,T,F
41061,37,T,F
41062,0,F,F
41063,23,T,F
41064,17,T,F
41065,23,T,F
41066,26,T,F
41067,27,T,F
41068,37,T,F
41069,29,T,F
41070,28,T,F
41071,20,T,F
41072,27,T,F
41073,29,T,F
41074,0,F,F
41075,0,F,F
41076,0,F,F
41077,32,T,F
41078,41,T,F
41079,27,T,F
41080,69,T,F
41081,38,T,F
41082,22,T,F
41083,38,T,F
41084,40,T,F
41085,43,T,F
41086,39,T,F
41087,31,T,F
41088,34,T,F
41089,37,T,F
41090,33,T,F
41091,35,T,F
41092,27,T,F
41093,33,T,F
41094,0,F,F
41095,37,T,F
41096,23,T,F
41097,21,T,F
41098,23,T,F
41099,36,T,F
41100,42,T,F
41101,0,F,F
41102,17,T,F
41103,38,T,F
41104,31,T,F
41105,42,T,F
41106,36,T,F
41107,38,T,F
41108,33,T,F
41109,27,T,F
41110,21,T,F
41111,29,T,F
41112,0,F,F
41113,0,F,F
41114,43,T,F
41115,31,T,F
41116,29,T,F
41117,0,F,F
41118,31,T,F
41119,0,F,F
41120,0,F,F
41121,24,T,F
41122,27,T,F
41123,24,T,F
41124,24,T,F
41125,0,F,F
41126,43,T,F
41127,53,T,F
41128,29,T,F
41129,53,T,F
41130,58,T,F
41131,28,T,F
41132,31,T,F
41133,0,F,F
41134,32,T,F
41135,33,T,F
41136,32,T,F
41137,64,T,F
41138,21,T,F
41139,17,T,F
41140,29,T,F
41141,34,T,F
41142,30,T,F
41143,30,T,F
41144,24,T,F
41145,0,F,F
41146,30,T,F
41147,32,T,F
41148,30,T,F
41149,42,T,F
41150,30,T,F
41151,41,T,F
41152,29,T,F
41153,22,T,F
41154,34,T,F
41155,23,T,F
41156,27,T,F
41157,22,T,F
41158,0,F,F
41159,0,F,F
41160,26,T,F
41161,0,F,F
41162,30,T,F
41163,25,T,F
41164,23,T,F
41165,0,F,F
41166,19,T,F
41167,0,F,F
41168,28,T,F
41169,0,F,F
41170,35,T,F
41171,23,T,F
41172,27,T,F
41173,19,T,F
41174,28,T,F
41175,27,T,F
41176,18,T,F
41177,24,T,F
41178,51,T,F
41179,75,T,F
41180,43,T,F
41181,26,T,F
41182,28,T,F
41183,28,T,F
41184,17,T,F
41185,30,T,F
41186,18,T,F
41187,35,T,F
41188,30,T,F
41189,23,T,T
41190,30,T,F
41191,0,F,F
41192,0,F,F
41193,0,F,F
41194,0,F,F
41195,0,F,F
41196,0,F,F
41197,0,F,F
41198,0,F,F
41199,0,F,F
41200,35,T,F
41201,26,T,F
41202,30,T,F
41203,24,T,F
41204,14,T,F
41205,30,T,F
41206,24,T,F
41207,38,T,F
41208,35,T,F
41209,36,T,F
41210,47,T,F
41211,47,T,F
41212,43,T,F
41213,21,T,F
41214,31,T,F
41215,46,T,F
41216,0,F,F
41217,41,T,F
41218,36,T,F
41219,31,T,F
41220,27,T,F
41221,28,T,F
41222,36,T,F
41223,27,T,F
41224,42,T,F
41225,35,T,F
41226,21,T,F
41227,29,T,F
41228,24,T,F
41229,0,F,F
41230,31,T,F
41231,0,F,F
41232,28,T,F
41233,33,T,F
41234,35,T,F
41235,37,T,F
41236,0,F,F
41237,20,T,F
41238,25,T,F
41239,29,T,F
41240,0,F,F
41241,24,T,F
41242,50,T,F
41243,36,T,F
41244,30,T,F
41245,0,F,F
41246,26,T,F
41247,0,F,F
41248,0,F,F
41249,33,T,F
41250,18,T,F
41251,18,T,F
41252,15,T,F
41253,30,T,F
41254,0,F,F
41255,27,T,F
41256,25,T,F
41257,38,T,F
41258,26,T,F
41259,29,T,F
41260,25,T,F
41261,27,T,F
41262,32,T,F
41263,35,T,F
41264,19,T,F
41265,30,T,F
41266,0,F,F
41267,29,T,F
41268,31,T,F
41269,33,T,F
41270,34,T,F
41271,37,T,F
41272,31,T,F
41273,29,T,F
41274,34,T,F
41275,24,T,F
41276,50,T,F
41277,37,T,F
41278,0,F,F
41279,68,T,F
41280,43,T,F
41281,0,F,F
41282,26,T,F
41283,29,T,F
41284,21,T,F
41285,28,T,F
41286,29,T,F
41287,25,T,F
41288,23,T,F
41289,33,T,F
41290,28,T,F
41291,29,T,F
41292,27,T,F
41293,29,T,F
41294,0,F,F
41295,27,T,F
41296,25,T,F
41297,20,T,F
41298,26,T,F
41299,0,F,F
41300,23,T,F
41301,27,T,F
41302,31,T,F
41303,28,T,F
41304,23,T,F
41305,24,T,F
41306,18,T,F
41307,33,T,F
41308,37,T,F
41309,31,T,F
41310,26,T,F
41311,30,T,F
41312,25,T,F
41313,17,T,F
41314,27,T,F
41315,25,T,F
41316,23,T,F
41317,28,T,F
41318,27,T,F
41319,24,T,F
41320,36,T,F
41321,36,T,F
41322,45,T,F
41323,33,T,F
41324,16,T,F
41325,37,T,F
41326,28,T,F
41327,26,T,F
41328,0,F,F
41329,0,F,F
41330,30,T,F
41331,33,T,F
41332,25,T,F
41333,27,T,F
41334,22,T,F
41335,21,T,F
41336,37,T,F
41337,33,T,F
41338,19,T,F
41339,29,T,F
41340,28,T,F
41341,0,F,F
41342,28,T,F
41343,25,T,F
41344,33,T,F
41345,0,F,F
41346,21,T,F
41347,30,T,F
41348,32,T,F
41349,22,T,F
41350,20,T,F
41351,30,T,F
41352,22,T,F
41353,25,T,F
41354,21,T,F
41355,19,T,F
41356,0,F,F
41357,26,T,F
41358,21,T,F
41359,24,T,F
41360,30,T,F
41361,20,T,F
41362,26,T,F
41363,20,T,F
41364,22,T,F
41365,17,T,F
41366,25,T,F
41367,25,T,F
41368,24,T,F
41369,32,T,F
41370,22,T,F
41371,30,T,F
41372,23,T,F
41373,22,T,F
41374,20,T,F
41375,25,T,F
41376,29,T,F
41377,30,T,F
41378,78,T,F
41379,24,T,F
41380,38,T,F
41381,34,T,F
41382,94,T,F
41383,20,T,F
41384,25,T,F
41385,79,T,F
41386,0,F,F
41387,31,T,F
41388,35,T,F
41389,26,T,F
41390,56,T,F
41391,58,T,F
41392,42,T,F
41393,37,T,F
41394,31,T,F
41395,30,T,F
41396,36,T,F
41397,26,T,F
41398,22,T,F
41399,30,T,F
41400,27,T,F
41401,24,T,F
41402,26,T,F
41403,25,T,F
41404,23,T,F
41405,33,T,F
41406,0,F,F
41407,0,F,F
41408,36,T,F
41409,28,T,F
41410,23,T,F
41411,31,T,F
41412,0,F,F
41413,25,T,F
41414,27,T,F
41415,23,T,F
41416,27,T,F
41417,47,T,F
41418,22,T,F
41419,32,T,F
41420,0,F,F
41421,24,T,F
41422,0,F,F
41423,45,T,F
41424,39,T,F
41425,26,T,F
41426,17,T,F
41427,30,T,F
41428,21,T,F
41429,22,T,F
41430,21,T,F
41431,28,T,F
41432,33,T,F
41433,24,T,F
41434,36,T,F
41435,25,T,F
41436,32,T,F
41437,28,T,F
41438,0,F,F
41439,20,T,F
41440,24,T,F
41441,24,T,F
41442,19,T,F
41443,84,T,F
41444,0,F,F
41445,37,T,F
41446,26,T,F
41447,29,T,F
41448,33,T,F
41449,23,T,F
41450,29,T,F
41451,32,T,F
41452,0,F,F
41453,27,T,F
41454,0,F,F
41455,0,F,F
41456,0,F,F
41457,31,T,F
41458,0,F,F
41459,0,F,F
41460,40,T,F
41461,27,T,F
41462,29,T,F
41463,0,F,F
41464,40,T,F
41465,0,F,F
41466,26,T,F
41467,32,T,F
41468,24,T,F
41469,0,F,F
41470,0,F,F
41471,44,T,F
41472,42,T,F
41473,40,T,F
41474,42,T,F
41475,81,T,F
41476,27,T,F
41477,0,F,F
41478,0,F,F
41479,0,F,F
41480,86,T,F
41481,34,T,F
41482,0,F,F
41483,22,T,F
41484,29,T,F
41485,32,T,F
41486,26,T,F
41487,27,T,F
41488,33,T,F
41489,33,T,F
41490,34,T,F
41491,0,F,F
41492,30,T,F
41493,24,T,F
41494,25,T,F
41495,25,T,F
41496,0,F,F
41497,23,T,F
41498,27,T,F
41499,0,F,F
41500,28,T,F
41501,20,T,F
41502,0,F,F
41503,26,T,F
41504,24,T,F
41505,26,T,F
41506,0,F,F
41507,0,F,F
41508,21,T,F
41509,27,T,F
41510,0,F,F
41511,0,F,F
41512,0,F,F
41513,30,T,F
41514,38,T,F
41515,0,F,F
41516,0,F,F
41517,0,F,F
41518,31,T,T
41519,31,T,F
41520,0,F,F
41521,0,F,F
41522,26,T,F
41523,33,T,F
41524,22,T,F
41525,0,F,F
41526,31,T,F
41527,38,T,F
41528,21,T,F
41529,22,T,F
41530,29,T,F
41531,20,T,F
41532,31,T,F
41533,29,T,F
41534,29,T,F
41535,26,T,F
41536,32,T,F
41537,26,T,F
41538,28,T,F
41539,27,T,F
41540,21,T,F
41541,27,T,F
41542,25,T,F
41543,26,T,F
41544,30,T,F
41545,24,T,F
41546,21,T,F
41547,43,T,T
41548,29,T,F
41549,29,T,F
41550,25,T,F
41551,0,F,F
41552,28,T,F
41553,28,T,T
41554,40,T,F
41555,22,T,F
41556,30,T,F
41557,35,T,F
41558,19,T,F
41559,34,T,F
41560,77,T,F
41561,24,T,F
41562,23,T,F
41563,24,T,F
41564,28,T,F
41565,35,T,F
41566,27,T,F
41567,38,T,F
41568,18,T,F
41569,29,T,F
41570,26,T,F
41571,0,F,F
41572,81,T,F
41573,35,T,F
41574,36,T,F
41575,0,F,F
41576,32,T,F
41577,27,T,T
41578,0,F,F
41579,25,T,F
41580,29,T,F
41581,34,T,F
41582,42,T,F
41583,45,T,F
41584,39,T,F
41585,77,T,F
41586,31,T,F
41587,36,T,F
41588,26,T,F
41589,33,T,F
41590,23,T,F
41591,14,T,F
41592,30,T,F
41593,20,T,F
41594,33,T,F
41595,31,T,F
41596,27,T,F
41597,29,T,F
41598,42,T,F
41599,22,T,F
41600,35,T,F
41601,30,T,F
41602,27,T,F
41603,32,T,F
41604,26,T,F
41605,0,F,F
41606,31,T,F
41607,32,T,F
41608,25,T,F
41609,33,T,F
41610,24,T,F
41611,33,T,F
41612,27,T,F
41613,29,T,F
41614,20,T,F
41615,26,T,F
41616,0,F,F
41617,30,T,F
41618,27,T,F
41619,34,T,F
41620,27,T,F
41621,18,T,F
41622,38,T,F
41623,25,T,F
41624,23,T,F
41625,27,T,F
41626,46,T,F
41627,31,T,F
41628,28,T,F
41629,39,T,F
41630,21,T,F
41631,28,T,F
41632,26,T,F
41633,27,T,F
41634,45,T,F
41635,28,T,F
41636,27,T,F
41637,34,T,F
41638,28,T,F
41639,23,T,F
41640,25,T,F
41641,34,T,F
41642,25,T,F
41643,32,T,F
41644,0,F,F
41645,26,T,F
41646,21,T,F
41647,0,F,F
41648,22,T,F
41649,31,T,F
41650,26,T,F
41651,29,T,F
41652,34,T,F
41653,39,T,F
41654,30,T,F
41655,18,T,F
41656,0,F,F
41657,26,T,F
41658,0,F,F
41659,27,T,F
41660,0,F,F
41661,24,T,F
41662,30,T,F
41663,26,T,F
41664,34,T,F
41665,34,T,F
41666,30,T,F
41667,25,T,F
41668,22,T,F
41669,22,T,F
41670,0,F,F
41671,0,F,F
41672,0,F,F
41673,29,T,F
41674,23,T,F
41675,27,T,F
41676,25,T,F
41677,0,F,F
41678,0,F,F
41679,22,T,F
41680,26,T,F
41681,32,T,F
41682,24,T,F
41683,56,T,F
41684,0,F,F
41685,0,F,F
41686,44,T,F
41687,14,T,F
41688,29,T,F
41689,25,T,F
41690,28,T,F
41691,35,T,F
41692,23,T,F
41693,27,T,F
41694,32,T,F
41695,19,T,F
41696,29,T,F
41697,21,T,F
41698,0,F,F
41699,0,F,F
41700,25,T,F
41701,18,T,F
41702,23,T,F
41703,30,T,F
41704,20,T,F
41705,20,T,F
41706,16,T,F
41707,18,T,F
41708,0,F,F
41709,16,T,F
41710,26,T,F
41711,12,T,F
41712,26,T,F
41713,28,T,F
41714,24,T,F
41715,19,T,F
41716,48,T,F
41717,0,F,F
41718,0,F,F
41719,33,T,F
41720,19,T,F
41721,28,T,F
41722,30,T,F
41723,27,T,F
41724,29,T,F
41725,21,T,F
41726,24,T,F
41727,0,F,F
41728,0,F,F
41729,32,T,F
41730,21,T,F
41731,28,T,F
41732,21,T,F
41733,21,T,F
41734,38,T,F
41735,31,T,F
41736,46,T,F
41737,32,T,F
41738,28,T,F
41739,33,T,F
41740,24,T,F
41741,37,T,F
41742,30,T,F
41743,23,T,F
41744,29,T,F
41745,29,T,F
41746,22,T,F
41747,25,T,F
41748,25,T,F
41749,0,F,F
41750,0,F,F
41751,0,F,F
41752,89,T,F
41753,27,T,F
41754,38,T,F
41755,33,T,F
41756,28,T,F
41757,33,T,F
41758,0,F,F
41759,52,T,F
41760,0,F,F
41761,22,T,F
41762,25,T,F
41763,25,T,F
41764,29,T,F
41765,31,T,F
41766,34,T,F
41767,0,F,F
41768,31,T,F
41769,23,T,F
41770,23,T,F
41771,30,T,F
41772,19,T,F
41773,28,T,F
41774,27,T,F
41775,30,T,F
41776,21,T,F
41777,18,T,F
41778,0,F,F
41779,37,T,F
41780,36,T,F
41781,34,T,F
41782,30,T,F
41783,27,T,F
41784,32,T,F
41785,30,T,F
41786,26,T,F
41787,28,T,F
41788,24,T,F
41789,24,T,F
41790,34,T,F
41791,0,F,F
41792,0,F,F
41793,22,T,F
41794,24,T,F
41795,26,T,F
41796,22,T,F
41797,31,T,F
41798,31,T,F
41799,0,F,F
41800,25,T,F
41801,31,T,F
41802,24,T,F
41803,0,F,F
41804,31,T,F
41805,35,T,F
41806,21,T,F
41807,26,T,F
41808,30,T,F
41809,23,T,F
41810,29,T,F
41811,31,T,F
41812,32,T,F
41813,27,T,F
41814,43,T,F
41815,22,T,F
41816,19,T,F
41817,81,T,F
41818,36,T,F
41819,0,F,F
41820,0,F,F
41821,23,T,F
41822,37,T,F
41823,22,T,F
41824,29,T,F
41825,23,T,F
41826,84,T,F
41827,33,T,F
41828,28,T,F
41829,21,T,F
41830,32,T,F
41831,26,T,F
41832,17,T,F
41833,20,T,F
41834,23,T,F
41835,25,T,F
41836,0,F,F
41837,41,T,F
41838,29,T,F
41839,37,T,F
41840,0,F,F
41841,24,T,F
41842,19,T,F
41843,26,T,F
41844,25,T,F
41845,0,F,F
41846,27,T,F
41847,0,F,F
41848,22,T,F
41849,0,F,F
41850,37,T,F
41851,0,F,F
41852,34,T,F
41853,27,T,F
41854,34,T,F
41855,26,T,F
41856,30,T,F
41857,29,T,F
41858,28,T,F
41859,34,T,F
41860,29,T,F
41861,0,F,F
41862,31,T,F
41863,32,T,F
41864,0,F,F
41865,32,T,F
41866,33,T,F
41867,26,T,F
41868,29,T,F
41869,0,F,F
41870,35,T,F
41871,19,T,F
41872,25,T,F
41873,20,T,F
41874,0,F,F
41875,28,T,F
41876,26,T,F
41877,0,F,F
41878,0,F,F
41879,0,F,F
41880,0,F,F
41881,0,F,F
41882,24,T,F
41883,27,T,F
41884,0,F,F
41885,0,F,F
41886,0,F,F
41887,0,F,F
41888,29,T,F
41889,25,T,F
41890,0,F,F
41891,30,T,F
41892,21,T,F
41893,32,T,F
41894,25,T,F
41895,25,T,F
41896,28,T,F
41897,37,T,F
41898,31,T,F
41899,22,T,F
41900,35,T,F
41901,23,T,F
41902,28,T,F
41903,0,F,F
41904,22,T,F
41905,0,F,F
41906,31,T,F
41907,0,F,F
41908,0,F,F
41909,44,T,F
41910,28,T,F
41911,18,T,F
41912,26,T,F
41913,30,T,F
41914,22,T,F
41915,23,T,F
41916,23,T,F
41917,26,T,F
41918,31,T,F
41919,23,T,F
41920,29,T,F
41921,20,T,F
41922,30,T,F
41923,24,T,F
41924,23,T,F
41925,28,T,F
41926,28,T,F
41927,31,T,F
41928,27,T,F
41929,30,T,F
41930,23,T,F
41931,24,T,F
41932,22,T,F
41933,34,T,F
41934,29,T,F
41935,23,T,F
41936,23,T,F
41937,28,T,F
41938,25,T,F
41939,33,T,F
41940,38,T,F
41941,28,T,F
41942,30,T,F
41943,38,T,F
41944,45,T,F
41945,21,T,T
41946,26,T,F
41947,0,F,F
41948,0,F,F
41949,0,F,F
41950,26,T,F
41951,31,T,F
41952,22,T,F
41953,0,F,F
41954,20,T,F
41955,29,T,F
41956,54,T,F
41957,22,T,F
41958,32,T,F
41959,0,F,F
41960,36,T,F
41961,24,T,F
41962,35,T,F
41963,30,T,F
41964,29,T,F
41965,0,F,F
41966,24,T,T
41967,0,F,F
41968,31,T,F
41969,34,T,F
41970,27,T,F
41971,21,T,F
41972,29,T,F
41973,22,T,F
41974,23,T,F
41975,0,F,F
41976,25,T,F
41977,25,T,F
41978,23,T,F
41979,31,T,F
41980,19,T,F
41981,25,T,F
41982,27,T,F
41983,22,T,F
41984,0,F,F
41985,0,F,F
41986,26,T,F
41987,0,F,F
41988,0,F,F
41989,0,F,F
41990,0,F,F
41991,0,F,F
41992,30,T,F
41993,80,T,F
41994,44,T,F
41995,25,T,F
41996,23,T,F
41997,36,T,F
41998,29,T,F
41999,35,T,F
42000,0,F,F
42001,35,T,F
42002,28,T,F
42003,0,F,F
42004,0,F,F
42005,20,T,F
42006,0,F,F
42007,20,T,F
42008,24,T,F
42009,0,F,F
42010,27,T,F
42011,0,F,F
42012,0,F,F
42013,29,T,F
42014,28,T,F
42015,18,T,F
42016,18,T,F
42017,20,T,F
42018,24,T,F
42019,33,T,F
42020,0,F,F
42021,25,T,F
42022,67,T,F
42023,29,T,F
42024,29,T,F
42025,25,T,F
42026,27,T,F
42027,0,F,F
42028,26,T,F
42029,0,F,F
42030,29,T,F
42031,29,T,F
42032,0,F,F
42033,30,T,F
42034,22,T,F
42035,0,F,F
42036,24,T,F
42037,23,T,F
42038,19,T,F
42039,0,F,F
42040,56,T,F
42041,0,F,F
42042,24,T,F
42043,26,T,F
42044,16,T,F
42045,28,T,F
42046,24,T,F
42047,25,T,F
42048,22,T,F
42049,23,T,F
42050,25,T,F
42051,31,T,F
42052,25,T,F
42053,29,T,F
42054,27,T,F
42055,24,T,F
42056,19,T,F
42057,25,T,F
42058,28,T,F
42059,25,T,F
42060,25,T,F
42061,20,T,F
42062,38,T,F
42063,31,T,F
42064,19,T,F
42065,27,T,F
42066,0,F,F
42067,23,T,F
42068,0,F,F
42069,0,F,F
42070,0,F,F
42071,21,T,F
42072,0,F,F
42073,26,T,F
42074,0,F,F
42075,0,F,F
42076,27,T,F
42077,26,T,F
42078,0,F,F
42079,0,F,F
42080,21,T,F
42081,22,T,F
42082,0,F,F
42083,0,F,F
42084,16,T,F
42085,31,T,F
42086,24,T,F
42087,25,T,F
42088,21,T,F
42089,0,F,F
42090,0,F,F
42091,0,F,F
42092,0,F,F
42093,83,T,F
42094,90,T,F
42095,37,T,F
42096,21,T,F
42097,28,T,F
42098,24,T,F
42099,29,T,F
42100,28,T,F
42101,23,T,F
42102,21,T,F
42103,18,T,F
42104,37,T,F
42105,23,T,F
42106,25,T,F
42107,20,T,F
42108,25,T,F
42109,34,T,F
42110,30,T,F
42111,25,T,F
42112,33,T,F
42113,31,T,F
42114,22,T,F
42115,30,T,F
42116,27,T,F
42117,29,T,F
42118,33,T,F
42119,24,T,F
42120,25,T,F
42121,26,T,F
42122,27,T,F
42123,27,T,F
42124,22,T,F
42125,25,T,F
42126,32,T,F
42127,25,T,F
42128,35,T,F
42129,25,T,F
42130,64,T,F
42131,40,T,F
42132,91,T,F
42133,25,T,F
42134,32,T,F
42135,29,T,F
42136,18,T,F
42137,0,F,F
42138,50,T,F
42139,26,T,F
42140,33,T,F
42141,31,T,F
42142,29,T,F
42143,23,T,F
42144,30,T,F
42145,19,T,F
42146,0,F,F
42147,23,T,F
42148,0,F,F
42149,17,T,F
42150,0,F,F
42151,0,F,F
42152,18,T,F
42153,25,T,F
42154,29,T,F
42155,0,F,F
42156,0,F,F
42157,0,F,F
42158,0,F,F
42159,22,T,F
42160,31,T,F
42161,27,T,F
42162,28,T,F
42163,30,T,F
42164,0,F,F
42165,0,F,F
42166,0,F,F
42167,0,F,F
42168,0,F,F
42169,29,T,F
42170,0,F,F
42171,0,F,F
42172,0,F,F
42173,31,T,F
42174,22,T,F
42175,0,F,F
42176,0,F,F
42177,0,F,F
42178,0,F,F
42179,0,F,F
42180,32,T,F
42181,0,F,F
42182,0,F,F
42183,0,F,F
42184,20,T,F
42185,0,F,F
42186,0,F,F
42187,0,F,F
42188,0,F,F
42189,0,F,F
42190,0,F,F
42191,42,T,F
42192,20,T,F
42193,20,T,F
42194,36,T,F
42195,35,T,F
42196,79,T,T
42197,27,T,F
42198,29,T,F
42199,23,T,F
42200,30,T,F
42201,0,F,F
42202,0,F,F
42203,43,T,F
42204,57,T,F
42205,35,T,F
42206,40,T,F
42207,51,T,F
42208,29,T,F
42209,32,T,F
42210,42,T,F
42211,42,T,F
42212,0,F,F
42213,24,T,F
42214,34,T,F
42215,0,F,F
42216,0,F,F
42217,0,F,F
42218,0,F,F
42219,0,F,F
42220,0,F,F
42221,0,F,F
42222,0,F,F
42223,0,F,F
42224,0,F,F
42225,0,F,F
42226,41,T,F
42227,35,T,F
42228,31,T,F
42229,0,F,F
42230,0,F,F
42231,35,T,F
42232,26,T,F
42233,0,F,F
42234,19,T,F
42235,18,T,F
42236,37,T,F
42237,0,F,F
42238,49,T,F
42239,29,T,F
42240,25,T,F
42241,0,F,F
42242,0,F,F
42243,17,T,F
42244,19,T,F
42245,0,F,F
42246,21,T,F
42247,22,T,F
42248,55,T,T
42249,28,T,F
42250,0,F,F
42251,31,T,F
42252,29,T,F
42253,0,F,F
42254,0,F,F
42255,26,T,F
42256,43,T,F
42257,21,T,F
42258,30,T,F
42259,35,T,F
42260,29,T,F
42261,31,T,F
42262,0,F,F
42263,0,F,F
42264,0,F,F
42265,0,F,F
42266,0,F,F
42267,31,T,F
42268,27,T,F
42269,22,T,F
42270,41,T,F
42271,49,T,F
42272,45,T,F
42273,35,T,T
42274,0,F,F
42275,31,T,F
42276,25,T,F
42277,40,T,F
42278,28,T,F
42279,0,F,F
42280,0,F,F
42281,27,T,F
42282,30,T,F
42283,21,T,F
42284,26,T,F
42285,28,T,F
42286,30,T,F
42287,19,T,F
42288,30,T,F
42289,22,T,F
42290,27,T,F
42291,40,T,F
42292,26,T,F
42293,0,F,F
42294,0,F,F
42295,0,F,F
42296,0,F,F
42297,0,F,F
42298,0,F,F
42299,26,T,F
42300,0,F,F
42301,35,T,F
42302,21,T,F
42303,21,T,F
42304,0,F,F
42305,0,F,F
42306,25,T,F
42307,33,T,F
42308,32,T,F
42309,24,T,F
42310,25,T,F
42311,26,T,F
42312,28,T,F
42313,23,T,F
42314,33,T,F
42315,24,T,F
42316,26,T,F
42317,24,T,F
42318,26,T,F
42319,35,T,F
42320,30,T,F
42321,23,T,F
42322,29,T,F
42323,31,T,F
42324,30,T,F
42325,28,T,F
42326,33,T,F
42327,25,T,F
42328,0,F,F
42329,31,T,F
42330,28,T,F
42331,36,T,F
42332,32,T,F
42333,30,T,F
42334,22,T,F
42335,22,T,F
42336,21,T,F
42337,28,T,F
42338,0,F,F
42339,23,T,F
42340,33,T,F
42341,55,T,F
42342,31,T,F
42343,30,T,F
42344,23,T,F
42345,27,T,F
42346,30,T,F
42347,35,T,F
42348,33,T,F
42349,85,T,F
42350,34,T,F
42351,31,T,F
42352,31,T,F
42353,23,T,F
42354,27,T,F
42355,0,F,F
42356,30,T,F
42357,24,T,F
42358,22,T,F
42359,21,T,F
42360,0,F,F
42361,0,F,F
42362,0,F,F
42363,0,F,F
42364,25,T,F
42365,0,F,F
42366,25,T,F
42367,0,F,F
42368,0,F,F
42369,30,T,F
42370,23,T,F
42371,33,T,F
42372,31,T,F
42373,31,T,F
42374,0,F,F
42375,22,T,F
42376,0,F,F
42377,31,T,F
42378,24,T,F
42379,0,F,F
42380,0,F,F
42381,26,T,F
42382,22,T,F
42383,23,T,F
42384,20,T,F
42385,28,T,F
42386,22,T,F
42387,24,T,F
42388,23,T,F
42389,22,T,F
42390,22,T,F
42391,29,T,F
42392,0,F,F
42393,24,T,F
42394,30,T,F
42395,0,F,F
42396,26,T,F
42397,23,T,F
42398,25,T,F
42399,25,T,F
42400,23,T,F
42401,18,T,F
42402,20,T,F
42403,32,T,F
42404,31,T,F
42405,0,F,F
42406,34,T,F
42407,24,T,F
42408,27,T,F
42409,0,F,F
42410,0,F,F
42411,0,F,F
42412,35,T,F
42413,18,T,F
42414,37,T,F
42415,0,F,F
42416,21,T,F
42417,33,T,F
42418,18,T,F
42419,24,T,F
42420,18,T,F
42421,23,T,F
42422,25,T,F
42423,27,T,F
42424,0,F,F
42425,26,T,F
42426,0,F,F
42427,29,T,F
42428,25,T,F
42429,0,F,F
42430,23,T,F
42431,33,T,F
42432,31,T,F
42433,0,F,F
42434,24,T,F
42435,28,T,F
42436,18,T,F
42437,27,T,F
42438,21,T,F
42439,32,T,F
42440,35,T,F
42441,0,F,F
42442,25,T,F
42443,29,T,F
42444,22,T,F
42445,30,T,F
42446,21,T,F
42447,27,T,F
42448,30,T,F
42449,30,T,F
42450,25,T,F
42451,0,F,F
42452,26,T,F
42453,25,T,F
42454,0,F,F
42455,35,T,F
42456,25,T,F
42457,0,F,F
42458,0,F,F
42459,0,F,F
42460,24,T,F
42461,0,F,F
42462,31,T,F
42463,0,F,F
42464,26,T,F
42465,26,T,F
42466,0,F,F
42467,0,F,F
42468,23,T,F
42469,0,F,F
42470,0,F,F
42471,25,T,F
42472,24,T,F
42473,22,T,F
42474,0,F,F
42475,0,F,F
42476,25,T,F
42477,33,T,F
42478,0,F,F
42479,0,F,F
42480,23,T,F
42481,0,F,F
42482,20,T,F
42483,23,T,F
42484,33,T,F
42485,30,T,F
42486,33,T,F
42487,31,T,F
42488,21,T,F
42489,25,T,F
42490,0,F,F
42491,0,F,F
42492,22,T,F
42493,28,T,F
42494,29,T,F
42495,0,F,F
42496,32,T,F
42497,23,T,F
42498,0,F,F
42499,16,T,F
42500,37,T,F
42501,35,T,F
42502,25,T,F
42503,0,F,F
42504,25,T,F
42505,0,F,F
42506,0,F,F
42507,0,F,F
42508,0,F,F
42509,0,F,F
42510,0,F,F
42511,0,F,F
42512,0,F,F
42513,0,F,F
42514,0,F,F
42515,0,F,F
42516,0,F,F
42517,66,T,F
42518,43,T,F
42519,0,F,F
42520,0,F,F
42521,0,F,F
42522,27,T,F
42523,0,F,F
42524,0,F,F
42525,22,T,F
42526,25,T,F
42527,0,F,F
42528,25,T,F
42529,0,F,F
42530,21,T,F
42531,25,T,F
42532,33,T,F
42533,22,T,F
42534,41,T,F
42535,40,T,F
42536,94,T,F
42537,24,T,F
42538,20,T,F
42539,47,T,F
42540,39,T,F
42541,0,F,F
42542,0,F,F
42543,25,T,F
42544,36,T,F
42545,26,T,F
42546,28,T,F
42547,0,F,F
42548,25,T,F
42549,30,T,F
42550,21,T,F
42551,27,T,F
42552,0,F,F
42553,0,F,F
42554,0,T,F
42555,0,F,F
42556,26,T,F
42557,0,F,F
42558,0,F,F
42559,72,T,F
42560,0,F,F
42561,0,F,F
42562,46,T,F
42563,92,T,F
42564,37,T,F
42565,25,T,F
42566,61,T,F
42567,29,T,F
42568,0,F,F
42569,0,F,F
42570,0,F,F
42571,21,T,F
42572,24,T,F
42573,23,T,F
42574,25,T,F
42575,24,T,F
42576,21,T,F
42577,16,T,F
42578,30,T,F
42579,31,T,F
42580,23,T,F
42581,0,F,F
42582,0,F,F
42583,0,F,F
42584,0,F,F
42585,31,T,F
42586,28,T,F
42587,28,T,F
42588,27,T,F
42589,30,T,F
42590,19,T,F
42591,0,F,F
42592,0,F,F
42593,28,T,F
42594,25,T,T
42595,28,T,F
42596,25,T,F
42597,24,T,F
42598,34,T,F
42599,29,T,F
42600,35,T,F
42601,30,T,F
42602,17,T,F
42603,24,T,F
42604,22,T,F
42605,29,T,F
42606,34,T,F
42607,0,F,F
42608,27,T,F
42609,0,F,F
42610,0,F,F
42611,17,T,F
42612,26,T,F
42613,26,T,F
42614,0,F,F
42615,0,F,F
42616,0,F,F
42617,0,F,F
42618,0,F,F
42619,0,F,F
42620,0,F,F
42621,0,F,F
42622,29,T,F
42623,27,T,F
42624,47,T,F
42625,22,T,F
42626,23,T,F
42627,0,F,F
42628,0,F,F
42629,29,T,F
42630,0,F,F
42631,28,T,F
42632,0,F,F
42633,0,F,F
42634,31,T,F
42635,0,F,F
42636,30,T,F
42637,0,F,F
42638,33,T,F
42639,0,F,F
42640,32,T,F
42641,34,T,F
42642,23,T,F
42643,30,T,F
42644,18,T,F
42645,22,T,F
42646,0,F,F
42647,48,T,F
42648,0,F,F
42649,31,T,F
42650,55,T,F
42651,40,T,F
42652,21,T,F
42653,0,F,F
42654,0,F,F
42655,62,T,T
42656,28,T,F
42657,33,T,F
42658,27,T,F
42659,30,T,F
42660,21,T,F
42661,29,T,F
42662,20,T,F
42663,28,T,F
42664,28,T,F
42665,20,T,F
42666,29,T,F
42667,0,F,F
42668,28,T,F
42669,28,T,F
42670,17,T,F
42671,17,T,F
42672,27,T,F
42673,27,T,F
42674,35,T,F
42675,30,T,F
42676,22,T,F
42677,27,T,F
42678,27,T,F
42679,29,T,F
42680,20,T,F
42681,33,T,F
42682,88,T,F
42683,22,T,F
42684,30,T,F
42686,25,T,F
42687,26,T,F
42688,21,T,F
42689,21,T,F
50001,54,T,F
50002,65,T,F
50003,46,T,F
50004,36,T,F
50005,39,T,F
50006,41,T,F
50007,57,T,F
50008,0,F,F
50009,38,T,F
50010,64,T,F
50011,38,T,F
50012,47,T,F
50013,39,T,F
50014,77,T,F
50015,20,T,F
50016,54,T,F
50017,0,F,F
50018,41,T,F
50019,57,T,F
50020,0,F,F
50021,47,T,F
50022,48,T,F
50023,56,T,F
50024,59,T,F
50025,30,T,F
50026,25,T,F
50027,0,F,F
50028,36,T,F
50029,66,T,F
50030,36,T,F
50031,70,T,F
50032,34,T,F
50033,40,T,F
50034,51,T,F
50035,51,T,F
50036,61,T,F
50037,0,F,F
50038,58,T,F
50039,54,T,F
50040,55,T,F
50041,0,F,F
50042,0,F,F
50043,0,F,F
50044,69,T,F
50045,0,F,F
50046,61,T,F
50047,0,F,F
50048,71,T,F
50049,65,T,F
50050,0,F,F
50051,0,F,F
50052,54,T,F
50053,62,T,F
50054,71,T,F
50055,78,T,F
50056,65,T,F
50057,64,T,F
50058,42,T,F
50059,53,T,F
50060,68,T,F
50061,61,T,F
50062,64,T,F
50063,60,T,F
50064,51,T,F
50065,50,T,F
50066,33,T,F
50067,0,F,F
50068,54,T,F
50069,0,F,F
50070,44,T,F
50071,54,T,F
50072,43,T,F
50073,40,T,F
50074,46,T,F
50075,44,T,F
50076,51,T,F
50077,31,T,F
50078,48,T,F
50079,34,T,F
50080,47,T,F
50081,38,T,F
50082,42,T,F
50083,58,T,F
50084,46,T,F
50085,0,F,F
50086,43,T,F
50087,31,T,F
50088,61,T,F
50089,42,T,F
50090,46,T,F
50091,27,T,F
50092,0,F,F
50093,0,F,F
50094,29,T,F
50095,30,T,F
50096,28,T,F
50097,46,T,F
50098,0,F,F
50099,32,T,F
50100,58,T,F
50101,27,T,F
50102,45,T,F
50103,66,T,F
50104,57,T,F
50105,53,T,F
50106,43,T,F
50107,37,T,F
50108,34,T,F
50109,40,T,F
50110,0,F,F
50111,32,T,F
50112,0,F,F
50113,26,T,F
50114,43,T,F
50115,37,T,F
50116,44,T,F
50117,23,T,F
50118,42,T,F
50119,24,T,F
50120,26,T,F
50121,35,T,F
50122,25,T,F
50123,32,T,F
50124,54,T,F
50125,33,T,F
50126,42,T,F
50127,45,T,F
50128,47,T,F
50129,55,T,F
50130,39,T,F
50131,57,T,F
50132,47,T,F
50133,61,T,F
50134,0,F,F
50135,57,T,F
50136,0,F,F
50137,0,F,F
50138,58,T,F
50139,0,F,F
50140,0,F,F
50141,30,T,F
50142,26,T,F
50143,0,F,F
50144,36,T,F
50145,23,T,F
50146,20,T,F
50147,26,T,F
50148,32,T,F
50149,27,T,F
50150,27,T,F
50151,0,F,F
50152,37,T,F
50153,0,F,F
50154,0,F,F
50155,0,F,F
50156,31,T,F
50157,35,T,F
50158,27,T,F
50159,0,F,F
50160,41,T,F
50161,0,F,F
50162,25,T,F
50163,33,T,F
50164,30,T,F
50165,0,F,F
50166,23,T,F
50167,24,T,F
50168,33,T,F
50169,26,T,F
50170,47,T,F
50171,32,T,F
50172,29,T,F
50173,36,T,F
50174,25,T,F
50175,30,T,F
50176,0,F,F
50177,31,T,F
50178,22,T,F
50179,39,T,F
50180,40,T,F
50181,27,T,F
50182,34,T,F
50183,19,T,F
50184,29,T,F
50185,29,T,F
50186,25,T,F
50187,30,T,F
50188,19,T,F
50189,38,T,F
50190,0,F,F
50191,36,T,F
50192,0,F,F
50193,24,T,F
50194,0,F,F
50195,22,T,F
50196,35,T,F
50197,30,T,F
50198,19,T,F
50199,20,T,F
50200,31,T,F
50201,0,F,F
50202,31,T,F
50203,0,F,F
50204,24,T,F
50205,27,T,F
50206,27,T,F
50207,37,T,F
50208,0,F,F
50209,0,F,F
50210,31,T,F
50211,0,F,F
50212,0,F,F
50213,0,F,F
50214,31,T,F
50215,0,F,F
50216,22,T,F
50217,0,F,F
50218,31,T,F
50219,28,T,F
50220,21,T,F
50221,13,T,F
50222,22,T,F
50223,36,T,F
50224,26,T,F
50225,29,T,F
50226,0,F,F
50227,0,F,F
50228,27,T,F
50229,43,T,F
50230,23,T,F
50231,27,T,F
50232,26,T,F
50233,35,T,F
50234,39,T,F
50235,55,T,F
50236,49,T,F
50237,60,T,F
50238,43,T,F
50239,40,T,F
50240,41,T,F
50241,31,T,F
